{
  "mean": [
    0.692669153213501,
    0.513003408908844,
    738801.8125,
    1.923871636390686
  ],
  "std": [
    0.24676808714866638,
    0.19199949502944946,
    351.3499450683594,
    0.32434654235839844
  ]
}